{
  "EI": {
    "distribution": "beta",
    "params": [
      2.92773249778317,
      14737.430269199172
    ],
    "mean": 0.04546245881693615,
    "scale": 768.2631741593489
  },
  "IR": {
    "distribution": "beta",
    "param": [
      1.6327314610036718,
      1836.0767868472985
    ],
    "mean": 0.01781702132632685,
    "scale": 82.54666994697561
  }
}